transaction_id,date,amount,description_raw,description_clean,account_name,account_type,provider,plaid_category,plaid_confidence,current_category,is_transfer,is_pass_through,flow_type
0ebb8099-f4bd-409a-9e7d-d0a3eec29124,2025-12-31,0.01,Deposit Dividend Annual Percentage Yield Earned 0.07% from,Deposit Dividend Annual Percentage Yield Earned 0.07% from,TITHING,savings,plaid,INCOME_INTEREST_EARNED,95,,false,false,
8b2ad924-a12e-4fed-bcf2-5d2d65f29205,2025-12-31,219,Venmo,Venmo,MYSTYLE CHECKING,checking,plaid,TRANSFER_IN_TRANSFER_IN_FROM_APPS,85,,false,false,
11759048-fe55-40d2-bd55-35ae1a68c76c,2025-12-31,-7,Withdrawal Mysty,Withdrawal Mysty,MYSTYLE CHECKING,checking,plaid,TRANSFER_OUT_WITHDRAWAL,50,,false,false,
1bfe1773-5026-4b01-bd83-20292122749f,2025-12-31,6385.28,"AUTOMATIC DEPOSIT, HELPSIDE PAYROLL PPD","AUTOMATIC DEPOSIT, HELPSIDE PAYROLL PPD",Checking keep at 500,checking,plaid,INCOME_SALARY,95,,false,false,
61fdf9c0-d6bb-4549-b920-e3075a98a8ef,2025-12-31,1.5,DIVIDEND EARNED FOR PERIOD OF 12/01/2025 THROUGH 12/31/2025 ANNUAL PERCENTAGE YIELD EARNED IS 1.00%,DIVIDEND EARNED FOR PERIOD OF 12/01/2025 THROUGH 12/31/2025 ANNUAL PERCENTAGE YIELD EARNED IS 1.00%,Emergency Fund 9000 Goal,money market,plaid,INCOME_INTEREST_EARNED,95,,false,false,
3301f332-dda0-49d6-bdec-5d6faf766f13,2025-12-31,0.5,DIVIDEND EARNED FOR PERIOD OF 12/01/2025 THROUGH 12/31/2025 ANNUAL PERCENTAGE YIELD EARNED IS 1.00%,DIVIDEND EARNED FOR PERIOD OF 12/01/2025 THROUGH 12/31/2025 ANNUAL PERCENTAGE YIELD EARNED IS 1.00%,Tithing Fast Offerings,money market,plaid,INCOME_INTEREST_EARNED,95,,false,false,
0747ef2d-f527-4518-9c7f-1ea31bacb40d,2025-12-30,7,FUNDS TRANSFER FROM LINE OF CREDIT TO CHECKING,FUNDS TRANSFER FROM LINE OF CREDIT TO CHECKING,Checking keep at 500,checking,plaid,TRANSFER_IN_ACCOUNT_TRANSFER,95,,false,false,
34f357b2-6df8-45b5-a211-b58428255253,2025-12-30,-6.29,"AUTOMATIC WITHDRAWAL, ACORNS ROUND-UPS TRANSFER WEB (S)","AUTOMATIC WITHDRAWAL, ACORNS ROUND-UPS TRANSFER WEB (S)",Checking keep at 500,checking,plaid,TRANSFER_OUT_SAVINGS,95,,false,false,
71502dce-fc6f-4297-b9be-50849a8c4825,2025-12-30,17.3,FUNDS TRANSFER FROM LINE OF CREDIT TO CHECKING,FUNDS TRANSFER FROM LINE OF CREDIT TO CHECKING,Checking keep at 500,checking,plaid,TRANSFER_IN_ACCOUNT_TRANSFER,95,,false,false,
e4db60f0-405a-4cc4-9642-5a6eb15ad23d,2025-12-30,-250,FUNDS TRANSFER TO SAVINGS 3,FUNDS TRANSFER TO SAVINGS 3,Checking keep at 500,checking,plaid,TRANSFER_OUT_SAVINGS,50,,false,false,
bbb79100-4bab-4197-a6a8-06ffcbce784f,2025-12-30,250,FUNDS TRANSFER FROM CHECKING,FUNDS TRANSFER FROM CHECKING,Emergency Fund 9000 Goal,money market,plaid,TRANSFER_IN_ACCOUNT_TRANSFER,95,,false,false,
97de19d4-f725-4d29-9547-49b90b78f2b7,2025-12-29,-184,Venmo,Venmo,Checking keep at 500,checking,plaid,TRANSFER_OUT_TRANSFER_OUT_FROM_APPS,85,,false,false,
e044084b-e91b-458a-bb5f-5a12635df22c,2025-12-29,-192,"AUTOMATIC WITHDRAWAL, BEAR RIVER INS. PAYMT PPD","AUTOMATIC WITHDRAWAL, BEAR RIVER INS. PAYMT PPD",Checking keep at 500,checking,plaid,GENERAL_SERVICES_INSURANCE,85,,false,false,
cf79872c-d29c-488d-8308-fba7232783e5,2025-12-26,-276,"AUTOMATIC WITHDRAWAL, CHASE CREDIT CRD EPAY WEB (S)","AUTOMATIC WITHDRAWAL, CHASE CREDIT CRD EPAY WEB (S)",Checking keep at 500,checking,plaid,LOAN_PAYMENTS_CREDIT_CARD_PAYMENT,85,,false,false,
e1bff839-aa56-444b-a38a-f9bb1bb49a0d,2025-12-24,309.34,MOBILE DEPOSIT,MOBILE DEPOSIT,Checking keep at 500,checking,plaid,TRANSFER_IN_DEPOSIT,85,,false,false,
0a3ea6a2-7e03-4951-abe4-b01dc36f9601,2025-12-24,-10000,MOBILE BANKING FUNDS TRANSFER TO LINE OF CREDIT,MOBILE BANKING FUNDS TRANSFER TO LINE OF CREDIT,Checking keep at 500,checking,plaid,LOAN_PAYMENTS_CREDIT_CARD_PAYMENT,50,,false,false,
370e0702-0dab-49b4-80fc-9cd3f3e67af6,2025-12-23,-58.17,"AUTOMATIC WITHDRAWAL, NORTHWESTERN MU ISA PYMENT PPD","AUTOMATIC WITHDRAWAL, NORTHWESTERN MU ISA PYMENT PPD",Checking keep at 500,checking,plaid,TRANSFER_OUT_INVESTMENT_AND_RETIREMENT_FUNDS,50,,false,false,
d44c1517-d662-4dac-82c0-4953d6712216,2025-12-22,225,Venmo,Venmo,MYSTYLE CHECKING,checking,plaid,TRANSFER_IN_TRANSFER_IN_FROM_APPS,85,,false,false,
3486be54-6698-4d5e-8d37-9032a2af50f8,2025-12-22,-5.27,"AUTOMATIC WITHDRAWAL, ACORNS ROUND-UPS TRANSFER WEB (S)","AUTOMATIC WITHDRAWAL, ACORNS ROUND-UPS TRANSFER WEB (S)",Checking keep at 500,checking,plaid,TRANSFER_OUT_SAVINGS,95,,false,false,
eacedf07-20f9-4c6c-a917-eb6d833c6587,2025-12-22,55,Venmo,Venmo,MYSTYLE CHECKING,checking,plaid,TRANSFER_IN_TRANSFER_IN_FROM_APPS,85,,false,false,
b83f703f-9109-44e4-9dfd-bd058028dd2e,2025-12-19,-166.36,"AUTOMATIC WITHDRAWAL, ROCKYMTN/PACIFIC POWER BILL WEB (R)","AUTOMATIC WITHDRAWAL, ROCKYMTN/PACIFIC POWER BILL WEB (R)",Checking keep at 500,checking,plaid,RENT_AND_UTILITIES_GAS_AND_ELECTRICITY,95,,false,false,
adf92456-3beb-4897-913c-c400de928fa4,2025-12-19,-160,Venmo,Venmo,Checking keep at 500,checking,plaid,TRANSFER_OUT_TRANSFER_OUT_FROM_APPS,85,,false,false,
c6810492-ac28-4239-9283-38f3fb568a4a,2025-12-19,-2000,Payment to JPMorganChase,Payment to JPMorganChase,MYSTYLE CHECKING,checking,plaid,LOAN_PAYMENTS_CREDIT_CARD_PAYMENT,50,,false,false,
84fd5df8-2b26-4d8b-b612-95db1da05d6d,2025-12-18,1239.12,Quickbooks Deposit,Quickbooks Deposit,MYSTYLE CHECKING,checking,plaid,INCOME_SALARY,85,,false,false,
890516ca-d464-4732-a984-ddfc508652f9,2025-12-18,640.45,Quickbooks Deposit,Quickbooks Deposit,MYSTYLE CHECKING,checking,plaid,INCOME_SALARY,85,,false,false,
c316d6d7-0235-4c27-99ca-afa845cba054,2025-12-18,-800,FUNDS TRANSFER TO HOME EQUITY,FUNDS TRANSFER TO HOME EQUITY,Checking keep at 500,checking,plaid,LOAN_PAYMENTS_MORTGAGE_PAYMENT,50,,false,false,
5f275336-b70a-4efd-ba69-f93e898b25ee,2025-12-17,-219.47,"AUTOMATIC WITHDRAWAL, SUNLIGHT ACCT PAYMT WEB (R)","AUTOMATIC WITHDRAWAL, SUNLIGHT ACCT PAYMT WEB (R)",Checking keep at 500,checking,plaid,LOAN_PAYMENTS_OTHER_PAYMENT,50,,false,false,
d1ba3629-1798-4510-99ff-70c74002224e,2025-12-17,-25,Venmo,Venmo,MYSTYLE CHECKING,checking,plaid,TRANSFER_OUT_TRANSFER_OUT_FROM_APPS,85,,false,false,
be809f9c-500f-483d-a189-666e237a6987,2025-12-15,-30,Venmo,Venmo,MYSTYLE CHECKING,checking,plaid,TRANSFER_OUT_TRANSFER_OUT_FROM_APPS,85,,false,false,
1dfc0d7e-cde3-46dd-8c1f-5bf16df02318,2025-12-15,11853,"AUTOMATIC DEPOSIT, HELPSIDE PAYROLL PPD","AUTOMATIC DEPOSIT, HELPSIDE PAYROLL PPD",Checking keep at 500,checking,plaid,INCOME_SALARY,95,,false,false,
94db5621-29bd-496a-9652-0184bb1fa973,2025-12-15,-10,"AUTOMATIC WITHDRAWAL, ACORNS INVEST TRANSFER WEB (S)","AUTOMATIC WITHDRAWAL, ACORNS INVEST TRANSFER WEB (S)",Checking keep at 500,checking,plaid,TRANSFER_OUT_INVESTMENT_AND_RETIREMENT_FUNDS,95,,false,false,
4b7e75c6-35cd-43b8-8cb0-ba1a3fb41afd,2025-12-15,-25,Venmo,Venmo,Checking keep at 500,checking,plaid,TRANSFER_OUT_TRANSFER_OUT_FROM_APPS,85,,false,false,
6a7b707f-ed6f-425b-afba-36734a9d7458,2025-12-15,-985.1,"AUTOMATIC WITHDRAWAL, WELLS FARGO AUTODRAFT PPD","AUTOMATIC WITHDRAWAL, WELLS FARGO AUTODRAFT PPD",Checking keep at 500,checking,plaid,LOAN_PAYMENTS_CAR_PAYMENT,50,,false,false,
93c8d003-1879-45cc-afe9-79e486d0a8ff,2025-12-12,-1000,Payment to Discover Bank,Payment to Discover Bank,MYSTYLE CHECKING,checking,plaid,LOAN_PAYMENTS_CREDIT_CARD_PAYMENT,50,,false,false,
59c91fcb-0211-4c0e-800a-c163ec015c3c,2025-12-12,-100,Venmo,Venmo,MYSTYLE CHECKING,checking,plaid,TRANSFER_OUT_TRANSFER_OUT_FROM_APPS,85,,false,false,
9e0a8ef8-ea32-419e-ac91-d81070a08909,2025-12-11,-6.1,"AUTOMATIC WITHDRAWAL, ACORNS ROUND-UPS TRANSFER WEB (S)","AUTOMATIC WITHDRAWAL, ACORNS ROUND-UPS TRANSFER WEB (S)",Checking keep at 500,checking,plaid,TRANSFER_OUT_SAVINGS,95,,false,false,
940f14e1-b1c8-4950-bcfa-be167f245a92,2025-12-11,1020,Venmo,Venmo,MYSTYLE CHECKING,checking,plaid,TRANSFER_IN_TRANSFER_IN_FROM_APPS,85,,false,false,
8cfd9ce2-8b24-4719-9c66-b240346e80fc,2025-12-11,-500,FUNDS TRANSFER TO HOME EQUITY,FUNDS TRANSFER TO HOME EQUITY,Checking keep at 500,checking,plaid,LOAN_PAYMENTS_MORTGAGE_PAYMENT,50,,false,false,
7ef58adf-b8db-4b85-82fb-09b49bbf4c69,2025-12-11,320,MOBILE DEPOSIT,MOBILE DEPOSIT,Checking keep at 500,checking,plaid,TRANSFER_IN_DEPOSIT,85,,false,false,
95c3844c-5c49-416f-ba68-336bfa095347,2025-12-10,-20,Venmo,Venmo,MYSTYLE CHECKING,checking,plaid,TRANSFER_OUT_TRANSFER_OUT_FROM_APPS,85,,false,false,
311c233f-d02a-4508-a930-835ad2f57dcf,2025-12-10,888,Venmo,Venmo,Checking keep at 500,checking,plaid,TRANSFER_IN_TRANSFER_IN_FROM_APPS,85,,false,false,
d8d617fa-a9d8-4402-9fe2-640f26fab1cb,2025-12-10,1350,Venmo,Venmo,Checking keep at 500,checking,plaid,TRANSFER_IN_TRANSFER_IN_FROM_APPS,85,,false,false,
811f480e-d4c8-4b4e-b120-4013386f680f,2025-12-09,-28,Venmo,Venmo,MYSTYLE CHECKING,checking,plaid,TRANSFER_OUT_TRANSFER_OUT_FROM_APPS,85,,false,false,
5ba92099-8839-4720-b880-07569ace5e72,2025-12-09,-142.29,"AUTOMATIC WITHDRAWAL, DEPT EDUCATION STUDENT LN PPD","AUTOMATIC WITHDRAWAL, DEPT EDUCATION STUDENT LN PPD",Checking keep at 500,checking,plaid,LOAN_PAYMENTS_STUDENT_LOAN_PAYMENT,85,,false,false,
1badb596-a19c-47ec-99a1-e8ed1995081e,2025-12-09,-25,"OVERDRAWN EFT FEE, $142.29 ON 12/09/25 FOR DEPT EDUCATI","OVERDRAWN EFT FEE, $142.29 ON 12/09/25 FOR DEPT EDUCATI",Checking keep at 500,checking,plaid,BANK_FEES_OVERDRAFT_FEES,50,,false,false,
90bf47b2-0315-4a20-b1d4-0b92d0a9d44d,2025-12-08,3,FUNDS TRANSFER FROM LINE OF CREDIT TO CHECKING,FUNDS TRANSFER FROM LINE OF CREDIT TO CHECKING,Checking keep at 500,checking,plaid,TRANSFER_IN_ACCOUNT_TRANSFER,95,,false,false,
cf986cf0-0bbe-45c4-a9b8-10d9ef34cae0,2025-12-08,276,FUNDS TRANSFER FROM LINE OF CREDIT TO CHECKING,FUNDS TRANSFER FROM LINE OF CREDIT TO CHECKING,Checking keep at 500,checking,plaid,TRANSFER_IN_ACCOUNT_TRANSFER,95,,false,false,
c0784ff9-8c91-45cc-9842-8e97154a9042,2025-12-08,-276,"AUTOMATIC WITHDRAWAL, CHASE CREDIT CRD EPAY WEB (S)","AUTOMATIC WITHDRAWAL, CHASE CREDIT CRD EPAY WEB (S)",Checking keep at 500,checking,plaid,LOAN_PAYMENTS_CREDIT_CARD_PAYMENT,85,,false,false,
bc5fbec1-7784-4c39-8550-87e7814b4cda,2025-12-08,1698.73,FUNDS TRANSFER FROM LINE OF CREDIT TO CHECKING,FUNDS TRANSFER FROM LINE OF CREDIT TO CHECKING,Checking keep at 500,checking,plaid,TRANSFER_IN_ACCOUNT_TRANSFER,95,,false,false,
0d7d519f-b3f1-418c-8c6d-1c8f321d46b7,2025-12-08,-2406.89,"AUTOMATIC WITHDRAWAL, AMEX EPAYMENT ACH PMT WEB (S)","AUTOMATIC WITHDRAWAL, AMEX EPAYMENT ACH PMT WEB (S)",Checking keep at 500,checking,plaid,LOAN_PAYMENTS_CREDIT_CARD_PAYMENT,95,,false,false,
617bff26-672c-47ef-b19e-4613a785c660,2025-12-08,-25,"OVERDRAWN EFT FEE, $2406.89 ON 12/08/25 FOR AMEX EPAYMEN","OVERDRAWN EFT FEE, $2406.89 ON 12/08/25 FOR AMEX EPAYMEN",Checking keep at 500,checking,plaid,BANK_FEES_OVERDRAFT_FEES,50,,false,false,
e639bc0a-f154-4876-b521-ddf2869cbf1a,2025-12-08,-1000,Payment to JPMorganChase,Payment to JPMorganChase,MYSTYLE CHECKING,checking,plaid,LOAN_PAYMENTS_CREDIT_CARD_PAYMENT,50,,false,false,
d2c7400a-aee5-48b1-bacd-c84205a4aa45,2025-12-08,-1300,Withdrawal ACH D TYPE: CO: DISCOVER NAME: WRIGHT ASHLEY Entry Class Code: WEB ACH Trace Number: 6,Withdrawal ACH D TYPE: CO: DISCOVER NAME: WRIGHT ASHLEY Entry Class Code: WEB ACH Trace Number: 6,MYSTYLE CHECKING,checking,plaid,LOAN_PAYMENTS_CREDIT_CARD_PAYMENT,50,,false,false,
29b04857-19f9-4a97-9dff-2bbb8901e39e,2025-12-08,-3,"AUTOMATIC WITHDRAWAL, SUBSCRIPTION ACORNS WEB (S)","AUTOMATIC WITHDRAWAL, SUBSCRIPTION ACORNS WEB (S)",Checking keep at 500,checking,plaid,GENERAL_SERVICES_ACCOUNTING_AND_FINANCIAL_PLANNING,95,,false,false,
2c09c993-cf6c-406b-a3bd-074a282bc394,2025-12-05,-6.15,"AUTOMATIC WITHDRAWAL, ACORNS ROUND-UPS TRANSFER WEB (S)","AUTOMATIC WITHDRAWAL, ACORNS ROUND-UPS TRANSFER WEB (S)",Checking keep at 500,checking,plaid,TRANSFER_OUT_SAVINGS,95,,false,false,
2c71a2db-c5d4-4876-a105-c72a48cf5709,2025-12-05,6,FUNDS TRANSFER FROM LINE OF CREDIT TO CHECKING,FUNDS TRANSFER FROM LINE OF CREDIT TO CHECKING,Checking keep at 500,checking,plaid,TRANSFER_IN_ACCOUNT_TRANSFER,95,,false,false,
b421f71a-3242-4427-a044-a29967fcd0fa,2025-12-04,220,FUNDS TRANSFER FROM LINE OF CREDIT TO CHECKING,FUNDS TRANSFER FROM LINE OF CREDIT TO CHECKING,Checking keep at 500,checking,plaid,TRANSFER_IN_ACCOUNT_TRANSFER,95,,false,false,
dbf38790-840b-4c66-a516-b6dacb3da67a,2025-12-04,1074.65,Quickbooks Deposit,Quickbooks Deposit,MYSTYLE CHECKING,checking,plaid,INCOME_SALARY,85,,false,false,
251a4e15-61b6-462b-b2ad-ade6098ebb24,2025-12-04,693.08,Quickbooks Deposit,Quickbooks Deposit,MYSTYLE CHECKING,checking,plaid,INCOME_SALARY,85,,false,false,
e3fc0c6f-7e4f-481a-a8d3-015f1510ddf4,2025-12-04,527,FUNDS TRANSFER FROM LINE OF CREDIT TO CHECKING,FUNDS TRANSFER FROM LINE OF CREDIT TO CHECKING,Checking keep at 500,checking,plaid,TRANSFER_IN_ACCOUNT_TRANSFER,95,,false,false,
3d309bd7-06d0-40f0-84e8-114bf0be7d8a,2025-12-04,-527.27,"AUTOMATIC WITHDRAWAL, CHASE CREDIT CRDAUTOPAY PPD","AUTOMATIC WITHDRAWAL, CHASE CREDIT CRDAUTOPAY PPD",Checking keep at 500,checking,plaid,LOAN_PAYMENTS_CREDIT_CARD_PAYMENT,95,,false,false,
e08041e7-8a2f-4d41-908f-e98aa6975fd7,2025-12-04,557,FUNDS TRANSFER FROM LINE OF CREDIT TO CHECKING,FUNDS TRANSFER FROM LINE OF CREDIT TO CHECKING,Checking keep at 500,checking,plaid,TRANSFER_IN_ACCOUNT_TRANSFER,95,,false,false,
f8939933-c956-42e5-935c-ce2b879c3510,2025-12-04,-556.87,T-Mobile,T-Mobile,Checking keep at 500,checking,plaid,RENT_AND_UTILITIES_TELEPHONE,95,,false,false,
4d20152f-cda2-4f76-a7f5-642374176a7d,2025-12-04,51,FUNDS TRANSFER FROM LINE OF CREDIT TO CHECKING,FUNDS TRANSFER FROM LINE OF CREDIT TO CHECKING,Checking keep at 500,checking,plaid,TRANSFER_IN_ACCOUNT_TRANSFER,95,,false,false,
d5a2fcc9-1fef-4d07-897a-bd49842dab89,2025-12-04,-219.65,"AUTOMATIC WITHDRAWAL, CHASE CREDIT CRDAUTOPAY PPD","AUTOMATIC WITHDRAWAL, CHASE CREDIT CRDAUTOPAY PPD",Checking keep at 500,checking,plaid,LOAN_PAYMENTS_CREDIT_CARD_PAYMENT,95,,false,false,
c32d2b55-9205-425d-a516-253b4df1b20a,2025-12-04,-50.83,"AUTOMATIC WITHDRAWAL, CHASE CREDIT CRDAUTOPAY PPD","AUTOMATIC WITHDRAWAL, CHASE CREDIT CRDAUTOPAY PPD",Checking keep at 500,checking,plaid,LOAN_PAYMENTS_CREDIT_CARD_PAYMENT,95,,false,false,
be132e88-8fdf-43d1-9767-5f8be575265f,2025-12-03,1577,FUNDS TRANSFER FROM LINE OF CREDIT TO CHECKING,FUNDS TRANSFER FROM LINE OF CREDIT TO CHECKING,Checking keep at 500,checking,plaid,TRANSFER_IN_ACCOUNT_TRANSFER,95,,false,false,
3471b6fd-887a-44b8-91f4-545127cc497d,2025-12-03,-1577.41,"AUTOMATIC WITHDRAWAL, NSM DBAMR.COOPER NSM DBAMR WEB (R)","AUTOMATIC WITHDRAWAL, NSM DBAMR.COOPER NSM DBAMR WEB (R)",Checking keep at 500,checking,plaid,LOAN_PAYMENTS_MORTGAGE_PAYMENT,70,,false,false,
b3141b4c-bf64-4ea7-bc9c-8ba43f93b5c0,2025-12-03,584,Venmo,Venmo,MYSTYLE CHECKING,checking,plaid,TRANSFER_IN_TRANSFER_IN_FROM_APPS,85,,false,false,
e07b7a94-e012-427a-a9a3-100cd258a9b7,2025-12-02,-106.91,"AUTOMATIC WITHDRAWAL, QUESTARGAS QUESTARGAS PPD","AUTOMATIC WITHDRAWAL, QUESTARGAS QUESTARGAS PPD",Checking keep at 500,checking,plaid,RENT_AND_UTILITIES_GAS_AND_ELECTRICITY,85,,false,false,
4bb8ffeb-1864-4735-9d83-b5c1111baf3a,2025-12-02,-300,FUNDS TRANSFER TO MONEY MARKET,FUNDS TRANSFER TO MONEY MARKET,Checking keep at 500,checking,plaid,TRANSFER_OUT_SAVINGS,50,,false,false,
28a9ee17-959b-46f8-b7a8-b95bf6d2b885,2025-12-02,100.99,From Share 50,From Share 50,REWARDS VISA PLATINUM,credit card,plaid,TRANSFER_IN_ACCOUNT_TRANSFER,95,,false,false,
70070136-1054-4a6a-9409-9db7787af612,2025-12-02,-100.99,To Loan 74,To Loan 74,MYSTYLE CHECKING,checking,plaid,LOAN_PAYMENTS_OTHER_PAYMENT,50,,false,false,
20014a8f-4d48-4afb-8ba4-34d21f681bb5,2025-12-02,-3715.87,"AUTOMATIC WITHDRAWAL, PNC LENDING PAYMENT WEB (S)","AUTOMATIC WITHDRAWAL, PNC LENDING PAYMENT WEB (S)",Checking keep at 500,checking,plaid,LOAN_PAYMENTS_OTHER_PAYMENT,50,,false,false,
d36c1e2b-abe3-409d-9614-5ca9cb7d08dd,2025-12-02,-5980.11,"AUTOMATIC WITHDRAWAL, CHASE CREDIT CRDAUTOPAYBUS PPD","AUTOMATIC WITHDRAWAL, CHASE CREDIT CRDAUTOPAYBUS PPD",Checking keep at 500,checking,plaid,LOAN_PAYMENTS_CREDIT_CARD_PAYMENT,95,,false,false,
92f8375d-4e45-4819-b8fe-a0f49237c906,2025-12-02,4487,FUNDS TRANSFER FROM LINE OF CREDIT TO CHECKING,FUNDS TRANSFER FROM LINE OF CREDIT TO CHECKING,Checking keep at 500,checking,plaid,TRANSFER_IN_ACCOUNT_TRANSFER,95,,false,false,
9563cf85-3383-4d39-9826-d7939ad99655,2025-12-02,300,FUNDS TRANSFER FROM CHECKING,FUNDS TRANSFER FROM CHECKING,Tithing Fast Offerings,money market,plaid,TRANSFER_IN_ACCOUNT_TRANSFER,95,,false,false,
74159c5e-1ba1-4418-b41c-2209a747ffba,2025-12-01,-5.96,"AUTOMATIC WITHDRAWAL, ACORNS ROUND-UPS TRANSFER WEB (S)","AUTOMATIC WITHDRAWAL, ACORNS ROUND-UPS TRANSFER WEB (S)",Checking keep at 500,checking,plaid,TRANSFER_OUT_SAVINGS,95,,false,false,
c5a8a0cf-df64-454c-914e-c40fd2227edc,2025-12-01,-25,Venmo,Venmo,MYSTYLE CHECKING,checking,plaid,TRANSFER_OUT_TRANSFER_OUT_FROM_APPS,85,,false,false,
0df669d9-9a84-4210-9a88-697b260a29b2,2025-12-01,-391.41,"AUTOMATIC WITHDRAWAL, CAPITAL ONE CRCARDPMT WEB (S)","AUTOMATIC WITHDRAWAL, CAPITAL ONE CRCARDPMT WEB (S)",Checking keep at 500,checking,plaid,LOAN_PAYMENTS_CREDIT_CARD_PAYMENT,85,,false,false,
56eec708-00db-429d-84fc-b8ddf542ff60,2025-11-30,1.24,DIVIDEND EARNED FOR PERIOD OF 11/01/2025 THROUGH 11/30/2025 ANNUAL PERCENTAGE YIELD EARNED IS 1.00%,DIVIDEND EARNED FOR PERIOD OF 11/01/2025 THROUGH 11/30/2025 ANNUAL PERCENTAGE YIELD EARNED IS 1.00%,Emergency Fund 9000 Goal,money market,plaid,INCOME_INTEREST_EARNED,95,,false,false,
2757befc-b5dd-4532-9dcb-bfd6d25d2f8e,2025-11-30,-250,FUNDS TRANSFER TO SAVINGS 3,FUNDS TRANSFER TO SAVINGS 3,Checking keep at 500,checking,plaid,TRANSFER_OUT_SAVINGS,50,,false,false,
97d0f50b-eaab-4812-86d6-6b220f3ef11c,2025-11-30,0.01,Deposit Dividend Annual Percentage Yield Earned 0.07% from,Deposit Dividend Annual Percentage Yield Earned 0.07% from,TITHING,savings,plaid,INCOME_INTEREST_EARNED,95,,false,false,
b2a14401-60e6-480a-a0cc-c2e9320ddf4c,2025-11-30,-7,Withdrawal Mysty,Withdrawal Mysty,MYSTYLE CHECKING,checking,plaid,TRANSFER_OUT_WITHDRAWAL,50,,false,false,
85f93a6e-429f-4baf-b79e-222236b9cbdc,2025-11-30,0.24,DIVIDEND EARNED FOR PERIOD OF 11/01/2025 THROUGH 11/30/2025 ANNUAL PERCENTAGE YIELD EARNED IS 1.00%,DIVIDEND EARNED FOR PERIOD OF 11/01/2025 THROUGH 11/30/2025 ANNUAL PERCENTAGE YIELD EARNED IS 1.00%,Tithing Fast Offerings,money market,plaid,INCOME_INTEREST_EARNED,95,,false,false,
c011d822-250f-41bf-ab25-d8ca6d073b7f,2025-11-30,250,FUNDS TRANSFER FROM CHECKING,FUNDS TRANSFER FROM CHECKING,Emergency Fund 9000 Goal,money market,plaid,TRANSFER_IN_ACCOUNT_TRANSFER,95,,false,false,
f737818e-eb53-4ce6-8ac0-e6de57c3c79b,2025-11-28,6398.89,"AUTOMATIC DEPOSIT, HELPSIDE PAYROLL PPD","AUTOMATIC DEPOSIT, HELPSIDE PAYROLL PPD",Checking keep at 500,checking,plaid,INCOME_SALARY,95,,false,false,
434ed8f8-74f4-4eab-a7e9-c3e4ba8ca5b7,2025-11-28,-193,"AUTOMATIC WITHDRAWAL, BEAR RIVER INS. PAYMT PPD","AUTOMATIC WITHDRAWAL, BEAR RIVER INS. PAYMT PPD",Checking keep at 500,checking,plaid,GENERAL_SERVICES_INSURANCE,85,,false,false,
8a8bf753-4b92-4edb-aecb-82aa4fa6063f,2025-11-24,200,Venmo,Venmo,MYSTYLE CHECKING,checking,plaid,TRANSFER_IN_TRANSFER_IN_FROM_APPS,85,,false,false,
17030fab-8ee4-4092-a271-9fb18f9f74fa,2025-11-24,-6.19,"AUTOMATIC WITHDRAWAL, ACORNS ROUND-UPS TRANSFER WEB (S)","AUTOMATIC WITHDRAWAL, ACORNS ROUND-UPS TRANSFER WEB (S)",Checking keep at 500,checking,plaid,TRANSFER_OUT_SAVINGS,95,,false,false,
60e7e36c-2312-4e25-bad5-81d3332cf370,2025-11-24,-200,Venmo,Venmo,Checking keep at 500,checking,plaid,TRANSFER_OUT_TRANSFER_OUT_FROM_APPS,85,,false,false,
aae32d2c-908f-4a8f-8739-3bf3ebc1b8b6,2025-11-24,116.32,Venmo,Venmo,MYSTYLE CHECKING,checking,plaid,TRANSFER_IN_TRANSFER_IN_FROM_APPS,85,,false,false,
0d53436b-42b7-4da8-874b-dd347e51228e,2025-11-21,-58.17,"AUTOMATIC WITHDRAWAL, NORTHWESTERN MU ISA PYMENT PPD","AUTOMATIC WITHDRAWAL, NORTHWESTERN MU ISA PYMENT PPD",Checking keep at 500,checking,plaid,TRANSFER_OUT_INVESTMENT_AND_RETIREMENT_FUNDS,50,,false,false,
fb8b1b17-d6f9-40b7-b733-21d4a058ad33,2025-11-20,-1900,Withdrawal ACH D TYPE: CO: DISCOVER NAME: WRIGHT ASHLEY Entry Class Code: WEB ACH Trace Number: 1,Withdrawal ACH D TYPE: CO: DISCOVER NAME: WRIGHT ASHLEY Entry Class Code: WEB ACH Trace Number: 1,MYSTYLE CHECKING,checking,plaid,LOAN_PAYMENTS_CREDIT_CARD_PAYMENT,50,,false,false,
34b6804c-ea20-499e-8df9-410649aa11a8,2025-11-19,1297.53,Quickbooks Deposit,Quickbooks Deposit,MYSTYLE CHECKING,checking,plaid,INCOME_SALARY,85,,false,false,
5cb489ae-24ee-43ad-a95b-7a2ece648cca,2025-11-19,728.18,Quickbooks Deposit,Quickbooks Deposit,MYSTYLE CHECKING,checking,plaid,INCOME_SALARY,85,,false,false,
78ea366b-a2fe-4576-8022-42e95b5abe4c,2025-11-18,-237.8,"AUTOMATIC WITHDRAWAL, ROCKYMTN/PACIFIC POWER BILL WEB (R)","AUTOMATIC WITHDRAWAL, ROCKYMTN/PACIFIC POWER BILL WEB (R)",Checking keep at 500,checking,plaid,RENT_AND_UTILITIES_GAS_AND_ELECTRICITY,95,,false,false,
f519dc0a-d587-4003-b908-d6f6fcf88f55,2025-11-18,-800,FUNDS TRANSFER TO HOME EQUITY,FUNDS TRANSFER TO HOME EQUITY,Checking keep at 500,checking,plaid,LOAN_PAYMENTS_MORTGAGE_PAYMENT,50,,false,false,
36c1078d-0a71-4e67-af48-2050a6631e11,2025-11-17,-10000,"AUTOMATIC WITHDRAWAL, COINBASE.COM NDWH3FVC WEB (S)","AUTOMATIC WITHDRAWAL, COINBASE.COM NDWH3FVC WEB (S)",Checking keep at 500,checking,plaid,TRANSFER_OUT_INVESTMENT_AND_RETIREMENT_FUNDS,70,,false,false,
73d846dd-11c8-467e-ae31-78013d9d66e6,2025-11-17,10000,MOBILE BANKING FUNDS TRANSFER FROM HOME EQUITY,MOBILE BANKING FUNDS TRANSFER FROM HOME EQUITY,Checking keep at 500,checking,plaid,TRANSFER_IN_ACCOUNT_TRANSFER,95,,false,false,
96d376a6-242e-41cf-93d8-041384d0d968,2025-11-17,-219.47,"AUTOMATIC WITHDRAWAL, SUNLIGHT ACCT PAYMT WEB (R)","AUTOMATIC WITHDRAWAL, SUNLIGHT ACCT PAYMT WEB (R)",Checking keep at 500,checking,plaid,LOAN_PAYMENTS_OTHER_PAYMENT,50,,false,false,
de00a02c-a1bb-43a1-b880-263062dd4f4d,2025-11-14,50,Deposit Transfer,Deposit Transfer,MYSTYLE CHECKING,checking,plaid,TRANSFER_IN_DEPOSIT,85,,false,false,
b3c262f5-6473-4abb-8d90-63bb1a062600,2025-11-14,-50,To Share 50,To Share 50,REWARDS VISA PLATINUM,credit card,plaid,TRANSFER_OUT_ACCOUNT_TRANSFER,50,,false,false,
b7e07536-4c94-4361-b2b0-cd8c246f0228,2025-11-14,-50,Venmo,Venmo,MYSTYLE CHECKING,checking,plaid,TRANSFER_OUT_TRANSFER_OUT_FROM_APPS,85,,false,false,
60c2d6f8-bb30-42ce-bf3d-906a054579a3,2025-11-13,-252,Withdrawal ACH D TYPE: CO: DISCOVER NAME: WRIGHT ASHLEY Entry Class Code: WEB ACH Trace Number: 2,Withdrawal ACH D TYPE: CO: DISCOVER NAME: WRIGHT ASHLEY Entry Class Code: WEB ACH Trace Number: 2,MYSTYLE CHECKING,checking,plaid,LOAN_PAYMENTS_CREDIT_CARD_PAYMENT,50,,false,false,
a3b6b199-f378-4dba-ba28-b6b57b808b91,2025-11-13,-985.1,"AUTOMATIC WITHDRAWAL, WELLS FARGO AUTODRAFT PPD","AUTOMATIC WITHDRAWAL, WELLS FARGO AUTODRAFT PPD",Checking keep at 500,checking,plaid,LOAN_PAYMENTS_CAR_PAYMENT,50,,false,false,
50b4729b-5142-4ae9-aedb-356e176db473,2025-11-13,-10,"AUTOMATIC WITHDRAWAL, ACORNS INVEST TRANSFER WEB (S)","AUTOMATIC WITHDRAWAL, ACORNS INVEST TRANSFER WEB (S)",Checking keep at 500,checking,plaid,TRANSFER_OUT_INVESTMENT_AND_RETIREMENT_FUNDS,95,,false,false,
00cce323-3e03-4ef0-8a50-84e2ecdf84af,2025-11-13,-1000,Withdrawal ACH D TYPE: CO: DISCOVER NAME: WRIGHT ASHLEY Entry Class Code: WEB ACH Trace Number: 3,Withdrawal ACH D TYPE: CO: DISCOVER NAME: WRIGHT ASHLEY Entry Class Code: WEB ACH Trace Number: 3,MYSTYLE CHECKING,checking,plaid,LOAN_PAYMENTS_CREDIT_CARD_PAYMENT,50,,false,false,
29da1848-d066-47ac-89d1-d95ce4b45d88,2025-11-13,-50.07,To Share 50,To Share 50,REWARDS VISA PLATINUM,credit card,plaid,TRANSFER_OUT_ACCOUNT_TRANSFER,50,,false,false,
48efa6f8-e5d1-4be4-82c1-409b6ffd89dc,2025-11-13,50.07,Deposit Transfer,Deposit Transfer,MYSTYLE CHECKING,checking,plaid,TRANSFER_IN_DEPOSIT,85,,false,false,
e63e77d4-6c3a-4e06-9dda-8ea6de9f268c,2025-11-12,-500,FUNDS TRANSFER TO HOME EQUITY,FUNDS TRANSFER TO HOME EQUITY,Checking keep at 500,checking,plaid,LOAN_PAYMENTS_MORTGAGE_PAYMENT,50,,false,false,
c9276395-1c96-4d69-9a25-c367c523a6f7,2025-11-12,-30,Venmo,Venmo,MYSTYLE CHECKING,checking,plaid,TRANSFER_OUT_TRANSFER_OUT_FROM_APPS,85,,false,false,
46bd0e0c-72da-424a-aa24-a48d111c0cd5,2025-11-12,-56,Venmo,Venmo,MYSTYLE CHECKING,checking,plaid,TRANSFER_OUT_TRANSFER_OUT_FROM_APPS,85,,false,false,
296b9f29-2aed-49f9-9339-2d9a4c08f5c3,2025-11-11,500,Deposit by Check MOBILE CHECK DEPOSIT: Remote Deposit,Deposit by Check MOBILE CHECK DEPOSIT: Remote Deposit,MYSTYLE CHECKING,checking,plaid,TRANSFER_IN_DEPOSIT,85,,false,false,
f6ab25a7-fbdd-4606-a606-d1ae1952c042,2025-11-11,500,Deposit by Check MOBILE CHECK DEPOSIT: Remote Deposit,Deposit by Check MOBILE CHECK DEPOSIT: Remote Deposit,MYSTYLE CHECKING,checking,plaid,TRANSFER_IN_DEPOSIT,85,,false,false,
145c96b8-1ab9-428b-be1f-5445986e9be1,2025-11-10,-142.29,"AUTOMATIC WITHDRAWAL, DEPT EDUCATION STUDENT LN PPD","AUTOMATIC WITHDRAWAL, DEPT EDUCATION STUDENT LN PPD",Checking keep at 500,checking,plaid,LOAN_PAYMENTS_STUDENT_LOAN_PAYMENT,85,,false,false,
9fb76fbe-cea9-4fae-b5da-8003457aacd5,2025-11-10,3216.08,Venmo,Venmo,Checking keep at 500,checking,plaid,TRANSFER_IN_TRANSFER_IN_FROM_APPS,85,,false,false,
acddbd8f-525c-4a34-9966-5eb0dfb9344b,2025-11-10,-50,Venmo,Venmo,MYSTYLE CHECKING,checking,plaid,TRANSFER_OUT_TRANSFER_OUT_FROM_APPS,85,,false,false,
2b8bfa5c-07d0-4549-987f-83b845ba059e,2025-11-07,-3,"AUTOMATIC WITHDRAWAL, SUBSCRIPTION ACORNS WEB (S)","AUTOMATIC WITHDRAWAL, SUBSCRIPTION ACORNS WEB (S)",Checking keep at 500,checking,plaid,GENERAL_SERVICES_ACCOUNTING_AND_FINANCIAL_PLANNING,95,,false,false,
a40d066d-e029-43ed-bf58-eecdc2524c1e,2025-11-07,3,FUNDS TRANSFER FROM LINE OF CREDIT TO CHECKING,FUNDS TRANSFER FROM LINE OF CREDIT TO CHECKING,Checking keep at 500,checking,plaid,TRANSFER_IN_ACCOUNT_TRANSFER,95,,false,false,
d1f8ca07-12f2-4894-81b4-1c59583a85f3,2025-11-05,-1500,Payment to JPMorganChase,Payment to JPMorganChase,MYSTYLE CHECKING,checking,plaid,LOAN_PAYMENTS_CREDIT_CARD_PAYMENT,50,,false,false,
9b17700a-254e-47bd-8026-264ebec45d92,2025-11-05,-110,Venmo,Venmo,MYSTYLE CHECKING,checking,plaid,TRANSFER_OUT_TRANSFER_OUT_FROM_APPS,85,,false,false,
1cc083cc-ecec-4ef8-a454-05feda2189fe,2025-11-04,-5.9,"AUTOMATIC WITHDRAWAL, ACORNS ROUND-UPS TRANSFER WEB (S)","AUTOMATIC WITHDRAWAL, ACORNS ROUND-UPS TRANSFER WEB (S)",Checking keep at 500,checking,plaid,TRANSFER_OUT_SAVINGS,95,,false,false,
4cb87655-8fe5-4d13-b8d2-81d74e817a1d,2025-11-04,762.28,Quickbooks Deposit,Quickbooks Deposit,MYSTYLE CHECKING,checking,plaid,INCOME_SALARY,85,,false,false,
cc2b8323-7529-4044-aa1c-523042b0c375,2025-11-04,2077,FUNDS TRANSFER FROM LINE OF CREDIT TO CHECKING,FUNDS TRANSFER FROM LINE OF CREDIT TO CHECKING,Checking keep at 500,checking,plaid,TRANSFER_IN_ACCOUNT_TRANSFER,95,,false,false,
49c77840-d008-42f1-bbf0-e51bafdc2c13,2025-11-04,-701.92,"AUTOMATIC WITHDRAWAL, CHASE CREDIT CRDAUTOPAY PPD","AUTOMATIC WITHDRAWAL, CHASE CREDIT CRDAUTOPAY PPD",Checking keep at 500,checking,plaid,LOAN_PAYMENTS_CREDIT_CARD_PAYMENT,95,,false,false,
8bef821c-5ec5-4648-a792-c26607720ce7,2025-11-04,-594.76,T-Mobile,T-Mobile,Checking keep at 500,checking,plaid,RENT_AND_UTILITIES_TELEPHONE,95,,false,false,
618d1df9-c423-40ba-bcea-f2d7596e18d3,2025-11-04,561.5,Quickbooks Deposit,Quickbooks Deposit,MYSTYLE CHECKING,checking,plaid,INCOME_SALARY,85,,false,false,
d8dc962b-d687-47cf-9181-3660eca8ec0e,2025-11-04,-141.77,"AUTOMATIC WITHDRAWAL, CHASE CREDIT CRDAUTOPAY PPD","AUTOMATIC WITHDRAWAL, CHASE CREDIT CRDAUTOPAY PPD",Checking keep at 500,checking,plaid,LOAN_PAYMENTS_CREDIT_CARD_PAYMENT,95,,false,false,
d3b57e97-c31b-4e63-8e19-6a83078f3b6d,2025-11-04,-3715.87,"AUTOMATIC WITHDRAWAL, PNC LENDING PAYMENT WEB (S)","AUTOMATIC WITHDRAWAL, PNC LENDING PAYMENT WEB (S)",Checking keep at 500,checking,plaid,LOAN_PAYMENTS_OTHER_PAYMENT,50,,false,false,
e8e3d90d-4566-4f12-aa68-a8a01685d10c,2025-11-04,-65.45,"AUTOMATIC WITHDRAWAL, QUESTARGAS QUESTARGAS PPD","AUTOMATIC WITHDRAWAL, QUESTARGAS QUESTARGAS PPD",Checking keep at 500,checking,plaid,RENT_AND_UTILITIES_GAS_AND_ELECTRICITY,85,,false,false,
cd11bf6e-0862-4daf-91b7-dbc0c60a6545,2025-11-04,-50.83,"AUTOMATIC WITHDRAWAL, CHASE CREDIT CRDAUTOPAY PPD","AUTOMATIC WITHDRAWAL, CHASE CREDIT CRDAUTOPAY PPD",Checking keep at 500,checking,plaid,LOAN_PAYMENTS_CREDIT_CARD_PAYMENT,95,,false,false,
1053cb4e-159e-4afd-8e20-42ffd9e09aea,2025-11-03,-300,FUNDS TRANSFER TO MONEY MARKET,FUNDS TRANSFER TO MONEY MARKET,Checking keep at 500,checking,plaid,TRANSFER_OUT_SAVINGS,50,,false,false,
ab46d8f7-4222-42dc-ba58-474e6379ec4d,2025-11-03,-1577.41,"AUTOMATIC WITHDRAWAL, NSM DBAMR.COOPER NSM DBAMR WEB (R)","AUTOMATIC WITHDRAWAL, NSM DBAMR.COOPER NSM DBAMR WEB (R)",Checking keep at 500,checking,plaid,LOAN_PAYMENTS_MORTGAGE_PAYMENT,70,,false,false,
ee996326-6b86-4a08-bc6f-47b8ec02c5e8,2025-11-03,-645.64,"AUTOMATIC WITHDRAWAL, CHASE CREDIT CRDAUTOPAYBUS PPD","AUTOMATIC WITHDRAWAL, CHASE CREDIT CRDAUTOPAYBUS PPD",Checking keep at 500,checking,plaid,LOAN_PAYMENTS_CREDIT_CARD_PAYMENT,95,,false,false,
823b03b7-77a2-45dd-a9d9-ac52d451310d,2025-11-03,-400,Venmo,Venmo,Checking keep at 500,checking,plaid,TRANSFER_OUT_TRANSFER_OUT_FROM_APPS,85,,false,false,
61fcf71f-f7b0-4d25-8ee9-3a7b596d16ce,2025-11-03,-276.44,"AUTOMATIC WITHDRAWAL, CAPITAL ONE CRCARDPMT WEB (S)","AUTOMATIC WITHDRAWAL, CAPITAL ONE CRCARDPMT WEB (S)",Checking keep at 500,checking,plaid,LOAN_PAYMENTS_CREDIT_CARD_PAYMENT,85,,false,false,
29ea0f58-9206-4711-9481-424b2a57ec02,2025-11-03,400,Venmo,Venmo,MYSTYLE CHECKING,checking,plaid,TRANSFER_IN_TRANSFER_IN_FROM_APPS,85,,false,false,
46de1256-e337-4239-85ea-3cb40ed4c81d,2025-11-03,300,FUNDS TRANSFER FROM CHECKING,FUNDS TRANSFER FROM CHECKING,Tithing Fast Offerings,money market,plaid,TRANSFER_IN_ACCOUNT_TRANSFER,95,,false,false,
460e2a18-0eb8-4284-896d-ea115a989e18,2025-10-31,-7,Withdrawal Mysty,Withdrawal Mysty,MYSTYLE CHECKING,checking,plaid,TRANSFER_OUT_WITHDRAWAL,50,,false,false,
96f0d669-94c9-4a8b-8e55-6427ff76cc73,2025-10-31,0.01,Deposit Dividend Annual Percentage Yield Earned 0.06% from,Deposit Dividend Annual Percentage Yield Earned 0.06% from,TITHING,savings,plaid,INCOME_INTEREST_EARNED,95,,false,false,
3d6c05dd-d9cc-4c72-98fb-e50f684fe1f1,2025-10-31,1.08,DIVIDEND EARNED FOR PERIOD OF 10/01/2025 THROUGH 10/31/2025 ANNUAL PERCENTAGE YIELD EARNED IS 1.01%,DIVIDEND EARNED FOR PERIOD OF 10/01/2025 THROUGH 10/31/2025 ANNUAL PERCENTAGE YIELD EARNED IS 1.01%,Emergency Fund 9000 Goal,money market,plaid,INCOME_INTEREST_EARNED,95,,false,false,
55a9407a-52a0-44a6-93aa-a94eb84da323,2025-10-31,6398.89,"AUTOMATIC DEPOSIT, HELPSIDE PAYROLL PPD","AUTOMATIC DEPOSIT, HELPSIDE PAYROLL PPD",Checking keep at 500,checking,plaid,INCOME_SALARY,95,,false,false,
417aa4ff-ee67-4a57-a32e-bcd054bf7630,2025-10-31,2.48,DIVIDEND EARNED FOR PERIOD OF 10/01/2025 THROUGH 10/31/2025 ANNUAL PERCENTAGE YIELD EARNED IS 1.00%,DIVIDEND EARNED FOR PERIOD OF 10/01/2025 THROUGH 10/31/2025 ANNUAL PERCENTAGE YIELD EARNED IS 1.00%,Tithing Fast Offerings,money market,plaid,INCOME_INTEREST_EARNED,95,,false,false,
148776fe-848d-4d0b-bd5d-2acb224ef5d1,2025-10-30,-6.13,"AUTOMATIC WITHDRAWAL, ACORNS ROUND-UPS TRANSFER WEB (S)","AUTOMATIC WITHDRAWAL, ACORNS ROUND-UPS TRANSFER WEB (S)",Checking keep at 500,checking,plaid,TRANSFER_OUT_SAVINGS,95,,false,false,
b8572236-0666-4a3a-ad41-71438f6cf1d7,2025-10-30,250,FUNDS TRANSFER FROM CHECKING,FUNDS TRANSFER FROM CHECKING,Emergency Fund 9000 Goal,money market,plaid,TRANSFER_IN_ACCOUNT_TRANSFER,95,,false,false,
5147a8ed-ded9-40f4-8a02-977e37405b11,2025-10-30,-15,Venmo,Venmo,MYSTYLE CHECKING,checking,plaid,TRANSFER_OUT_TRANSFER_OUT_FROM_APPS,85,,false,false,
1d6d553a-8d62-44e5-b75e-297bc71f4e1a,2025-10-30,184,Venmo,Venmo,MYSTYLE CHECKING,checking,plaid,TRANSFER_IN_TRANSFER_IN_FROM_APPS,85,,false,false,
0e1fc1e2-aa17-41dd-9972-d02a0913da8b,2025-10-30,7,FUNDS TRANSFER FROM LINE OF CREDIT TO CHECKING,FUNDS TRANSFER FROM LINE OF CREDIT TO CHECKING,Checking keep at 500,checking,plaid,TRANSFER_IN_ACCOUNT_TRANSFER,95,,false,false,
b48000a1-ee1c-49b1-b785-9d231b247308,2025-10-30,-250,FUNDS TRANSFER TO SAVINGS 3,FUNDS TRANSFER TO SAVINGS 3,Checking keep at 500,checking,plaid,TRANSFER_OUT_SAVINGS,50,,false,false,
76f615a5-20fb-4f8f-a53d-8a6b8c7074b0,2025-10-30,249.66,FUNDS TRANSFER FROM LINE OF CREDIT TO CHECKING,FUNDS TRANSFER FROM LINE OF CREDIT TO CHECKING,Checking keep at 500,checking,plaid,TRANSFER_IN_ACCOUNT_TRANSFER,95,,false,false,
608a89e9-a8fe-402e-a915-09cb1ee0decc,2025-10-29,-184,Venmo,Venmo,Checking keep at 500,checking,plaid,TRANSFER_OUT_TRANSFER_OUT_FROM_APPS,85,,false,false,
eab6e32f-ded3-47ce-9749-54908842e47e,2025-10-29,184,FUNDS TRANSFER FROM LINE OF CREDIT TO CHECKING,FUNDS TRANSFER FROM LINE OF CREDIT TO CHECKING,Checking keep at 500,checking,plaid,TRANSFER_IN_ACCOUNT_TRANSFER,95,,false,false,
a5d63168-3c89-421e-bf73-8fd2aa0afcaa,2025-10-28,-3639,"AUTOMATIC WITHDRAWAL, CH JESUSCHRIST DONATION WEB (S)","AUTOMATIC WITHDRAWAL, CH JESUSCHRIST DONATION WEB (S)",Checking keep at 500,checking,plaid,GOVERNMENT_AND_NON_PROFIT_DONATIONS,85,,false,false,
b58caa79-bb77-40b6-80ee-bd93dc54d74f,2025-10-28,233,FUNDS TRANSFER FROM LINE OF CREDIT TO CHECKING,FUNDS TRANSFER FROM LINE OF CREDIT TO CHECKING,Checking keep at 500,checking,plaid,TRANSFER_IN_ACCOUNT_TRANSFER,95,,false,false,
5359e238-be90-4435-a852-df224f2da522,2025-10-28,-193,"AUTOMATIC WITHDRAWAL, BEAR RIVER INS. PAYMT PPD","AUTOMATIC WITHDRAWAL, BEAR RIVER INS. PAYMT PPD",Checking keep at 500,checking,plaid,GENERAL_SERVICES_INSURANCE,85,,false,false,
9d99e7e1-3ff6-400a-9181-36f510d3c116,2025-10-27,3639.34,MOBILE BANKING FUNDS TRANSFER FROM MONEY MARKET,MOBILE BANKING FUNDS TRANSFER FROM MONEY MARKET,Checking keep at 500,checking,plaid,TRANSFER_IN_ACCOUNT_TRANSFER,95,,false,false,
00360083-742e-4fb3-8a3e-31d1761de07f,2025-10-27,-18.99,Venmo,Venmo,MYSTYLE CHECKING,checking,plaid,TRANSFER_OUT_TRANSFER_OUT_FROM_APPS,85,,false,false,
02986527-5cb2-47e6-b557-110cc366d077,2025-10-27,-25,Venmo,Venmo,MYSTYLE CHECKING,checking,plaid,TRANSFER_OUT_TRANSFER_OUT_FROM_APPS,85,,false,false,
87acc0e2-f3b5-4264-9c1a-0b7cb1b9f40b,2025-10-27,-3639.34,MOBILE BANKING FUNDS TRANSFER TO CHECKING,MOBILE BANKING FUNDS TRANSFER TO CHECKING,Tithing Fast Offerings,money market,plaid,TRANSFER_OUT_ACCOUNT_TRANSFER,85,,false,false,
528db4f9-d0fe-4e1a-b78d-9792eb23c5b7,2025-10-27,-40,Venmo,Venmo,Checking keep at 500,checking,plaid,TRANSFER_OUT_TRANSFER_OUT_FROM_APPS,85,,false,false,
4e46f194-7bf1-494b-91cd-773e10d6abb6,2025-10-25,-300,Withdrawal at AT MOUNTAIN AMERICA CU 25 E STATE RD 73 SARATOGA SPRI UT 693373 Card 7853,Withdrawal at AT MOUNTAIN AMERICA CU 25 E STATE RD 73 SARATOGA SPRI UT 693373 Card 7853,MYSTYLE CHECKING,checking,plaid,TRANSFER_OUT_WITHDRAWAL,50,,false,false,
754be843-798f-4855-8732-32664c3354e0,2025-10-25,50,Deposit,Deposit,MYSTYLE CHECKING,checking,plaid,TRANSFER_IN_DEPOSIT,85,,false,false,
d494f060-1f39-4c14-a6e4-817b4404197e,2025-10-25,-275,Withdrawal,Withdrawal,MYSTYLE CHECKING,checking,plaid,TRANSFER_OUT_WITHDRAWAL,50,,false,false,
6a33ff1b-7e24-4103-8726-c864d8b0e678,2025-10-25,-50,Withdrawal,Withdrawal,TITHING,savings,plaid,TRANSFER_OUT_WITHDRAWAL,85,,false,false,
5aadf25b-9489-4d5e-9c90-25fe59917080,2025-10-25,-100,To Share 50,To Share 50,TITHING,savings,plaid,TRANSFER_OUT_ACCOUNT_TRANSFER,50,,false,false,
9958da95-ad02-409c-b1d9-d2a3e1a57b72,2025-10-25,100,Deposit,Deposit,MYSTYLE CHECKING,checking,plaid,TRANSFER_IN_DEPOSIT,85,,false,false,
312e7b38-44ae-4d05-bd3c-793ea1fe35ac,2025-10-25,100,From Share 02,From Share 02,MYSTYLE CHECKING,checking,plaid,TRANSFER_IN_ACCOUNT_TRANSFER,95,,false,false,
db9a9dd9-215a-4971-9604-b9be1a40d3d8,2025-10-23,-30,Venmo,Venmo,MYSTYLE CHECKING,checking,plaid,TRANSFER_OUT_TRANSFER_OUT_FROM_APPS,85,,false,false,
4d871016-c0d2-47ed-95e1-0b91d7438ee1,2025-10-21,58,FUNDS TRANSFER FROM LINE OF CREDIT TO CHECKING,FUNDS TRANSFER FROM LINE OF CREDIT TO CHECKING,Checking keep at 500,checking,plaid,TRANSFER_IN_ACCOUNT_TRANSFER,95,,false,false,
5dce3f76-3467-4621-9fa7-26e76ffdfa48,2025-10-21,-58.17,"AUTOMATIC WITHDRAWAL, NORTHWESTERN MU ISA PYMENT PPD","AUTOMATIC WITHDRAWAL, NORTHWESTERN MU ISA PYMENT PPD",Checking keep at 500,checking,plaid,TRANSFER_OUT_INVESTMENT_AND_RETIREMENT_FUNDS,50,,false,false,
709e96e7-cba3-4cd9-8926-1223d8a0366b,2025-10-20,-5.19,"AUTOMATIC WITHDRAWAL, ACORNS ROUND-UPS TRANSFER WEB (S)","AUTOMATIC WITHDRAWAL, ACORNS ROUND-UPS TRANSFER WEB (S)",Checking keep at 500,checking,plaid,TRANSFER_OUT_SAVINGS,95,,false,false,
f15ec861-33ee-465e-b97a-4c14219fd4a3,2025-10-20,374,FUNDS TRANSFER FROM LINE OF CREDIT TO CHECKING,FUNDS TRANSFER FROM LINE OF CREDIT TO CHECKING,Checking keep at 500,checking,plaid,TRANSFER_IN_ACCOUNT_TRANSFER,95,,false,false,
6852bc45-9011-48c9-90e4-3a40c30a550d,2025-10-20,-374.64,"AUTOMATIC WITHDRAWAL, ROCKYMTN/PACIFIC POWER BILL WEB (R)","AUTOMATIC WITHDRAWAL, ROCKYMTN/PACIFIC POWER BILL WEB (R)",Checking keep at 500,checking,plaid,RENT_AND_UTILITIES_GAS_AND_ELECTRICITY,95,,false,false,
2009744f-b125-4abd-98fa-aa27999874b6,2025-10-20,6,FUNDS TRANSFER FROM LINE OF CREDIT TO CHECKING,FUNDS TRANSFER FROM LINE OF CREDIT TO CHECKING,Checking keep at 500,checking,plaid,TRANSFER_IN_ACCOUNT_TRANSFER,95,,false,false,
c4507e01-46fc-4563-95ec-d235f6fc122c,2025-10-20,-2000,Payment to Discover Bank,Payment to Discover Bank,MYSTYLE CHECKING,checking,plaid,LOAN_PAYMENTS_CREDIT_CARD_PAYMENT,85,,false,false,
0e617236-3197-4c4a-a774-b085ab63e94f,2025-10-20,-3,Venmo,Venmo,MYSTYLE CHECKING,checking,plaid,TRANSFER_OUT_TRANSFER_OUT_FROM_APPS,85,,false,false,
e9165fac-5ee2-495b-9eee-55b3834c0459,2025-10-18,-800,FUNDS TRANSFER TO HOME EQUITY,FUNDS TRANSFER TO HOME EQUITY,Checking keep at 500,checking,plaid,LOAN_PAYMENTS_MORTGAGE_PAYMENT,50,,false,false,
332b5e1d-7341-45c9-8b2b-6273a4a2c79a,2025-10-18,799.06,FUNDS TRANSFER FROM LINE OF CREDIT TO CHECKING,FUNDS TRANSFER FROM LINE OF CREDIT TO CHECKING,Checking keep at 500,checking,plaid,TRANSFER_IN_ACCOUNT_TRANSFER,95,,false,false,
eb38b18a-d628-4137-a824-3aca683335ea,2025-10-17,220,FUNDS TRANSFER FROM LINE OF CREDIT TO CHECKING,FUNDS TRANSFER FROM LINE OF CREDIT TO CHECKING,Checking keep at 500,checking,plaid,TRANSFER_IN_ACCOUNT_TRANSFER,95,,false,false,
1b33978d-2257-45eb-b1ee-1ec965dc6a92,2025-10-17,-219.47,"AUTOMATIC WITHDRAWAL, SUNLIGHT ACCT PAYMT WEB (R)","AUTOMATIC WITHDRAWAL, SUNLIGHT ACCT PAYMT WEB (R)",Checking keep at 500,checking,plaid,LOAN_PAYMENTS_OTHER_PAYMENT,50,,false,false,
bff863f8-d922-477a-9abf-aa772e25b1b0,2025-10-17,170,From Share 50,From Share 50,TITHING,savings,plaid,TRANSFER_IN_ACCOUNT_TRANSFER,95,,false,false,
4d21d78b-24cb-4da5-b334-93f468e2a419,2025-10-17,-170,To Share 02,To Share 02,MYSTYLE CHECKING,checking,plaid,TRANSFER_OUT_ACCOUNT_TRANSFER,50,,false,false,
f2e1c324-f05f-4b3a-a6e8-4a052847f38e,2025-10-17,1091.2,Quickbooks Deposit,Quickbooks Deposit,MYSTYLE CHECKING,checking,plaid,INCOME_SALARY,85,,false,false,
5f2777aa-60d9-4d3f-b8dc-4f995b53a049,2025-10-17,728.18,Quickbooks Deposit,Quickbooks Deposit,MYSTYLE CHECKING,checking,plaid,INCOME_SALARY,85,,false,false,
3558b2b7-6dd7-4881-9186-05707a812ecf,2025-10-14,-10,"AUTOMATIC WITHDRAWAL, ACORNS INVEST TRANSFER WEB (S)","AUTOMATIC WITHDRAWAL, ACORNS INVEST TRANSFER WEB (S)",Checking keep at 500,checking,plaid,TRANSFER_OUT_INVESTMENT_AND_RETIREMENT_FUNDS,95,,false,false,
fd109df4-7d80-45c2-b27c-b91c9c9dade8,2025-10-14,280,Venmo,Venmo,MYSTYLE CHECKING,checking,plaid,TRANSFER_IN_TRANSFER_IN_FROM_APPS,85,,false,false,
22553790-ee00-4ac2-be7e-9e47d5559795,2025-10-14,-985.1,"AUTOMATIC WITHDRAWAL, WELLS FARGO AUTODRAFT PPD","AUTOMATIC WITHDRAWAL, WELLS FARGO AUTODRAFT PPD",Checking keep at 500,checking,plaid,LOAN_PAYMENTS_CAR_PAYMENT,50,,false,false,
dc881622-e076-413e-86b0-56100c6d27bc,2025-10-14,165,FUNDS TRANSFER FROM LINE OF CREDIT TO CHECKING,FUNDS TRANSFER FROM LINE OF CREDIT TO CHECKING,Checking keep at 500,checking,plaid,TRANSFER_IN_ACCOUNT_TRANSFER,95,,false,false,
a65631d5-a6ea-4280-9b2d-329736bdb9b6,2025-10-14,-255,Venmo,Venmo,Checking keep at 500,checking,plaid,TRANSFER_OUT_TRANSFER_OUT_FROM_APPS,85,,false,false,
99325f0b-2063-46dc-9e41-09572c309147,2025-10-11,-500,FUNDS TRANSFER TO HOME EQUITY,FUNDS TRANSFER TO HOME EQUITY,Checking keep at 500,checking,plaid,LOAN_PAYMENTS_MORTGAGE_PAYMENT,50,,false,false,
5e88b4b2-ca67-4699-9f6d-0c8043c9ab0c,2025-10-10,-200.83,Payment to Barclaycard US,Payment to Barclaycard US,MYSTYLE CHECKING,checking,plaid,LOAN_PAYMENTS_CREDIT_CARD_PAYMENT,85,,false,false,
8a09a825-86c1-4d88-84f9-898101e7a753,2025-10-09,-56,Venmo,Venmo,MYSTYLE CHECKING,checking,plaid,TRANSFER_OUT_TRANSFER_OUT_FROM_APPS,85,,false,false,
c0a2a880-0fb7-4407-acf8-c740c316c8d9,2025-10-08,-142.29,"AUTOMATIC WITHDRAWAL, DEPT EDUCATION STUDENT LN PPD","AUTOMATIC WITHDRAWAL, DEPT EDUCATION STUDENT LN PPD",Checking keep at 500,checking,plaid,LOAN_PAYMENTS_STUDENT_LOAN_PAYMENT,85,,false,false,
099b0189-ca5d-4817-b3ae-badae6eeac98,2025-10-06,267,Venmo,Venmo,MYSTYLE CHECKING,checking,plaid,TRANSFER_IN_TRANSFER_IN_FROM_APPS,85,,false,false,
730b7ea8-c55a-4336-9f1f-00313ea54545,2025-10-06,-301.92,"AUTOMATIC WITHDRAWAL, CHASE CREDIT CRDAUTOPAY PPD","AUTOMATIC WITHDRAWAL, CHASE CREDIT CRDAUTOPAY PPD",Checking keep at 500,checking,plaid,LOAN_PAYMENTS_CREDIT_CARD_PAYMENT,95,,false,false,
541a7c60-527b-48c4-8fcc-57bca3970aa6,2025-10-06,-338.73,"AUTOMATIC WITHDRAWAL, CHASE CREDIT CRDAUTOPAY PPD","AUTOMATIC WITHDRAWAL, CHASE CREDIT CRDAUTOPAY PPD",Checking keep at 500,checking,plaid,LOAN_PAYMENTS_CREDIT_CARD_PAYMENT,95,,false,false,
502bbe4a-bdda-41d6-b9dd-ef152203e110,2025-10-06,-267,Venmo,Venmo,Checking keep at 500,checking,plaid,TRANSFER_OUT_TRANSFER_OUT_FROM_APPS,85,,false,false,
f4f72a0f-28a2-415c-854d-f63cde4ca2cb,2025-10-06,-50.83,"AUTOMATIC WITHDRAWAL, CHASE CREDIT CRDAUTOPAY PPD","AUTOMATIC WITHDRAWAL, CHASE CREDIT CRDAUTOPAY PPD",Checking keep at 500,checking,plaid,LOAN_PAYMENTS_CREDIT_CARD_PAYMENT,95,,false,false,
0ce3c4a1-f813-413b-96fb-464b29b03bb1,2025-10-06,-7.31,"AUTOMATIC WITHDRAWAL, ACORNS ROUND-UPS TRANSFER WEB (S)","AUTOMATIC WITHDRAWAL, ACORNS ROUND-UPS TRANSFER WEB (S)",Checking keep at 500,checking,plaid,TRANSFER_OUT_SAVINGS,95,,false,false,